"0","n_of_female <- dim(subset(reddit, gender == ""1"", gender))[1]"
"0","n_of_male <- dim(subset(reddit, gender == ""0"", gender))[1]"
"0","round(table(reddit$gender, reddit$employment.status) / c(n_of_male,n_of_female), 2)"
"1","   
"
"1","   "
"1"," Employed full time"
"1"," Freelance"
"1"," Not employed and not looking for work"
"1","
  0"
"1","               0.47"
"1","      0.06"
"1","                                  0.02"
"1","
  1"
"1","               0.38"
"1","      0.06"
"1","                                  0.04"
"1","
"
"1","   
"
"1","   "
"1"," Not employed, but looking for work"
"1"," Retired"
"1"," Student"
"1","
  0"
"1","                               0.06"
"1","    0.00"
"1","    0.39"
"1","
  1"
"1","                               0.08"
"1","    0.00"
"1","    0.45"
"1","
"
