"0","levels(reddit$age.range)"
"1","[1]"
"1"," ""18-24""      "
"1"," ""25-34""      "
"1"," ""35-44""      "
"1"," ""45-54""      "
"1"," ""55-64""      "
"1"," ""65 or Above"""
"1"," ""Under 18""   "
"1","
"
"0","reddit$age.range <- factor(reddit$age.range, levels=c(""Under 18"", ""18-24"", ""25-34"" , ""35-44"", ""45-54"", ""65 or Above""), ordered=TRUE)"
"0","levels(reddit$age.range)"
"1","[1]"
"1"," ""Under 18""   "
"1"," ""18-24""      "
"1"," ""25-34""      "
"1"," ""35-44""      "
"1"," ""45-54""      "
"1"," ""65 or Above"""
"1","
"
