"0","summary(reddit)"
"1","       id       "
"1","  gender     "
"1","    age.range    "
"1","                                  marital.status "
"1","
"
"1"," Min.   :    1  "
"1"," 0   :26418  "
"1"," 18-24   :15802  "
"1"," Engaged                                 : 1109  "
"1","
"
"1"," 1st Qu.: 8189  "
"1"," 1   : 6135  "
"1"," 25-34   :11575  "
"1"," Forever Alone                           : 5850  "
"1","
"
"1"," Median :16380  "
"1"," NA's:  201  "
"1"," Under 18: 2330  "
"1"," In a relationship                       : 9828  "
"1","
"
"1"," Mean   :16379  "
"1","             "
"1"," 35-44   : 2257  "
"1"," Married/civil union/domestic partnership: 5490  "
"1","
"
"1"," 3rd Qu.:24568  "
"1","             "
"1"," 45-54   :  502  "
"1"," Single                                  :10428  "
"1","
"
"1"," Max.   :32756  "
"1","             "
"1"," (Other) :  200  "
"1"," Widowed                                 :   44  "
"1","
"
"1","                "
"1","             "
"1"," NA's    :   88  "
"1"," NA's                                    :    5  "
"1","
"
"1","                             employment.status"
"1"," military.service"
"1"," children    "
"1","
"
"1"," Employed full time                   :14814  "
"1"," No  :30526      "
"1"," No  :27488  "
"1","
"
"1"," Freelance                            : 1948  "
"1"," Yes : 2223      "
"1"," Yes : 5047  "
"1","
"
"1"," Not employed and not looking for work:  682  "
"1"," NA's:    5      "
"1"," NA's:  219  "
"1","
"
"1"," Not employed, but looking for work   : 2087  "
"1","                 "
"1","             "
"1","
"
"1"," Retired                              :   85  "
"1","                 "
"1","             "
"1","
"
"1"," Student                              :12987  "
"1","                 "
"1","             "
"1","
"
"1"," NA's                                 :  151  "
"1","                 "
"1","             "
"1","
"
"1","                              education    "
"1","           country     "
"1","        state      "
"1","
"
"1"," Bachelor's degree                 :11046  "
"1"," United States :20967  "
"1","           :11908  "
"1","
"
"1"," Some college                      : 9600  "
"1"," Canada        : 2888  "
"1"," California: 3401  "
"1","
"
"1"," Graduate or professional degree   : 4722  "
"1"," United Kingdom: 1782  "
"1"," Texas     : 1541  "
"1","
"
"1"," High school graduate or equivalent: 3272  "
"1"," Australia     : 1051  "
"1"," New York  : 1418  "
"1","
"
"1"," Some high school                  : 1924  "
"1"," Germany       :  407  "
"1"," Illinois  :  976  "
"1","
"
"1"," (Other)                           : 2046  "
"1"," (Other)       : 5482  "
"1"," Washington:  910  "
"1","
"
"1"," NA's                              :  144  "
"1"," NA's          :  177  "
"1"," (Other)   :12600  "
"1","
"
"1","              income.range "
"1","               fav.reddit   "
"1","            dog.cat     "
"1","       cheese    "
"1","
"
"1"," Under $20,000      :7892  "
"1","                    : 4335  "
"1"," I like cats.   :11156  "
"1"," Other    :6563  "
"1","
"
"1"," $50,000 - $69,999  :4133  "
"1"," askreddit          : 2123  "
"1"," I like dogs.   :17151  "
"1"," Cheddar  :6102  "
"1","
"
"1"," $70,000 - $99,999  :4101  "
"1"," fffffffuuuuuuuuuuuu: 1746  "
"1"," I like turtles.: 4442  "
"1"," Brie     :3742  "
"1","
"
"1"," $100,000 - $149,999:3522  "
"1"," pics               : 1651  "
"1"," NA's           :    5  "
"1"," Provolone:3456  "
"1","
"
"1"," $20,000 - $29,999  :3206  "
"1"," trees              : 1311  "
"1","                        "
"1"," Swiss    :3214  "
"1","
"
"1"," (Other)            :8285  "
"1"," (Other)            :21562  "
"1","                        "
"1"," (Other)  :9672  "
"1","
"
"1"," NA's               :1615  "
"1"," NA's               :   26  "
"1","                        "
"1"," NA's     :   5  "
"1","
"
"0","str(reddit)"
"1","'data.frame':	"
"1","32754"
"1"," obs. of  "
"1","14"
"1"," variable"
"1","s"
"1",":"
"1","
"
"1"," "
"1","$ "
"1","id               "
"1",":"
"1"," int  "
"1","1 2 3 4 5 6 7 8 9 10"
"1"," ..."
"1","
"
"1"," "
"1","$ "
"1","gender           "
"1",":"
"1"," Factor w/ 2 levels ""0"",""1"": "
"1","1 1 2 1 2 1 1 1 1 1"
"1"," ..."
"1","
"
"1"," "
"1","$ "
"1","age.range        "
"1",":"
"1"," Factor w/ 7 levels ""18-24"",""25-34"",..: "
"1","2 2 1 2 2 2 2 1 3 2"
"1"," ..."
"1","
"
"1"," "
"1","$ "
"1","marital.status   "
"1",":"
"1"," Factor w/ 6 levels ""Engaged"",""Forever Alone"",..: "
"1","NA NA NA NA NA 4 3 4 4 3"
"1"," ..."
"1","
"
"1"," "
"1","$ "
"1","employment.status"
"1",":"
"1"," Factor w/ 6 levels ""Employed full time"",..: "
"1","1 1 2 2 1 1 1 4 1 2"
"1"," ..."
"1","
"
"1"," "
"1","$ "
"1","military.service "
"1",":"
"1"," Factor w/ 2 levels ""No"",""Yes"": "
"1","NA NA NA NA NA 1 1 1 1 1"
"1"," ..."
"1","
"
"1"," "
"1","$ "
"1","children         "
"1",":"
"1"," Factor w/ 2 levels ""No"",""Yes"": "
"1","1 1 1 1 1 1 1 1 1 1"
"1"," ..."
"1","
"
"1"," "
"1","$ "
"1","education        "
"1",":"
"1"," Factor w/ 7 levels ""Associate degree"",..: "
"1","2 2 5 2 2 2 5 2 2 5"
"1"," ..."
"1","
"
"1"," "
"1","$ "
"1","country          "
"1",":"
"1"," Factor w/ 439 levels "" Canada"","" Canada eh"",..: "
"1","319 319 319 319 319 319 104 319 319 104"
"1"," ..."
"1","
"
"1"," "
"1","$ "
"1","state            "
"1",":"
"1"," Factor w/ 53 levels """",""Alabama"",""Alaska"",..: "
"1","33 33 48 33 6 33 1 6 33 1"
"1"," ..."
"1","
"
"1"," "
"1","$ "
"1","income.range     "
"1",":"
"1"," Factor w/ 8 levels ""$100,000 - $149,999"",..: "
"1","2 2 8 2 7 2 NA 7 2 7"
"1"," ..."
"1","
"
"1"," "
"1","$ "
"1","fav.reddit       "
"1",":"
"1"," Factor w/ 1834 levels """",""'home' page (or front page if you prefer)"",..: "
"1","721 692 1511 1528 189 692 1318 572 1629 1"
"1"," ..."
"1","
"
"1"," "
"1","$ "
"1","dog.cat          "
"1",":"
"1"," Factor w/ 3 levels ""I like cats."",..: "
"1","NA NA NA NA NA 2 2 2 1 1"
"1"," ..."
"1","
"
"1"," "
"1","$ "
"1","cheese           "
"1",":"
"1"," Factor w/ 11 levels ""American"",""Brie"",..: "
"1","NA NA NA NA NA 3 3 1 10 7"
"1"," ..."
"1","
"
